loss	acc
0.06985660203730876	0.9787240603126638
